val/PSNR,val/SSIM,val/LPIPS,epoch,created_at
24.605295181274414,0.8106327635031111,0.20160872240861258,0,2023-03-12 03:38:41.518981
